year,month,day,hour,minute,second,personCount,elderly
2022,4,3,17,48,30.924447,0,FALSE
2022,4,4,13,58,58.0284,0,FALSE
2022,4,4,13,59,12.32863,0,TRUE
2022,4,4,13,59,24.276141,0,TRUE
2022,4,4,13,59,35.037826,0,TRUE
2022,4,4,14,0,18.665986,0,FALSE
2022,4,4,14,0,32.004593,0,FALSE
2022,4,4,14,0,37.743134,0,FALSE
2022,4,4,14,0,39.645357,0,FALSE
2022,4,4,14,1,12.167208,0,TRUE
